pdb	AA	labels	CCA	CCL
2sim	TVEKSVVFKAEGEHFTDQKGNTIVGSGSGGTTKYFRIPAMCTTSKGTIVVFADARHNTASDQSFIDTAAARSTDGGKTWNKKIAIYNDRVNSKLSRVMDPTCIVANIQGRETILVMVGKWNNNDKTWGAYRDKAPDTDWDLVLYKSTDDGVTFSKVETNIHDIVTKNGTISAMLGGVGSGLQLNDGKLVFPVQMVRTKNITTVLNTSFIYSTDGITWSLPSGYCEGFGSENNIIEFNASLVNNIRNSGLRRSFETKDFGKTWTEFPPMDKKVDNRNHGVQGSTITIPSGNKLVAAHSSAQNKNNDYTRSDISLYAHNLYSGEVKLIDDFYPKVGNASGAGYSCLSYRKNVDKETLYVVYEANGSIEFQDLSRHLPVIKSYNTVEKSVVFKAEGEHFTDQKGNTIVGSGSGGTTKYFRIPAMCTTSKGTIVVFADARHNTASDQSFIDTAAARSTDGGKTWNKKIAIYNDRVNSKLSRVMDPTCIVANIQGRETILVMVGKWNNNDKTWGAYRDKAPDTDWDLVLYKSTDDGVTFSKVETNIHDIVTKNGTISAMLGGVGSGLQLNDGKLVFPVQMVRTKNITTVLNTSFIYSTDGITWSLPSGYCEGFGSENNIIEFNASLVNNIRNSGLRRSFETKDFGKTWTEFPPMDKKVDNRNHGVQGSTITIPSGNKLVAAHSSAQNKNNDYTRSDISLYAHNLYSGEVKLIDDFYPKVGNASGAGYSCLSYRKNVDKETLYVVYEANGSIEFQDLSRHLPVIKSYN	000000000000000000000000000000000000100000000000000000000001110000000000000000000000000000000000011000000000000000000000000001110000000000000000000000000000000000000000000000000000000000000000000000000000000000000000000000000001110000000000000000000000000000000000000000000000001100000000000000000000000000000000000000000000000000000000010000000000000000000000000000000000000000000	42.942266666666676, 50.28006666666667, 49.719399999999986	43.8407, 51.0375, 49.1782
1nna	DFNNLTKGLCTINSWHIYGKDNAVRIGEDSDVLVTREPYVSCDPDECRFYALSQGTTIRGKHSNGTIHDRSQYRALISWPLSSPPTVYNSRVECIGWSSTSCHDGKTRMSICISGPNNNASAVIWYNRRPVTEINTWARNILRTQESECVCHNGVCPVVFTDGSATGPAETRIYYFKEGKILKWEPLAGTAKHIEECSCYGERAEITCTCRDNWQGSNRPVIRIDPVAMTHTSQYICSPVLTDNPRPNDPTVGKCNDPYPGNNNNGVKGFSYLDGVNTWLGRTISIASRSGYEMLKVPNALTDDKSKPTQGQTIVLNTDWSGYSGSFMDYWAEGECYRACFYVELIRGRPKEDKVWWTSNSIVSMCSSTEFLGQWDWPDGAKIEYFLXDFNNLTKGLCTINSWHIYGKDNAVRIGEDSDVLVTREPYVSCDPDECRFYALSQGTTIRGKHSNGTIHDRSQYRALISWPLSSPPTVYNSRVECIGWSSTSCHDGKTRMSICISGPNNNASAVIWYNRRPVTEINTWARNILRTQESECVCHNGVCPVVFTDGSATGPAETRIYYFKEGKILKWEPLAGTAKHIEECSCYGERAEITCTCRDNWQGSNRPVIRIDPVAMTHTSQYICSPVLTDNPRPNDPTVGKCNDPYPGNNNNGVKGFSYLDGVNTWLGRTISIASRSGYEMLKVPNALTDDKSKPTQGQTIVLNTDWSGYSGSFMDYWAEGECYRACFYVELIRGRPKEDKVWWTSNSIVSMCSSTEFLGQWDWPDGAKIEYFLX	0000000000000000000000000000000000001000000000000000000000000000000111000000000000000000000000001100000000000000000000000000000000000000000010111100000000000000000010000000000000000000000000000011000000000000000000000000000000000000000000000000000000000000000000000111000000000000000000000000000000000000000000000000000000000000000000000000000000000000000000000000000000000000000000000000	43.610176470588236, 20.547823529411765, -22.397882352941185	46.6035, 21.2145, -22.6101
2sil	TVEKSVVFKAEGEHFTDQKGNTIVGSGSGGTTKYFRIPAMCTTSKGTIVVFADARHNTASDQSFIDTAAARSTDGGKTWNKKIAIYNDRVNSKLSRVMDPTCIVANIQGRETILVMVGKWNNNDKTWGAYRDKAPDTDWDLVLYKSTDDGVTFSKVETNIHDIVTKNGTISAMLGGVGSGLQLNDGKLVFPVQMVRTKNITTVLNTSFIYSTDGITWSLPSGYCEGFGSENNIIEFNASLVNNIRNSGLRRSFETKDFGKTWTEFPPMDKKVDNRNHGVQGSTITIPSGNKLVAAHSSAQNKNNDYTRSDISLYAHNLYSGEVKLIDDFYPKVGNASGAGYSCLSYRKNVDKETLYVVYEANGSIEFQDLSRHLPVIKSYNTVEKSVVFKAEGEHFTDQKGNTIVGSGSGGTTKYFRIPAMCTTSKGTIVVFADARHNTASDQSFIDTAAARSTDGGKTWNKKIAIYNDRVNSKLSRVMDPTCIVANIQGRETILVMVGKWNNNDKTWGAYRDKAPDTDWDLVLYKSTDDGVTFSKVETNIHDIVTKNGTISAMLGGVGSGLQLNDGKLVFPVQMVRTKNITTVLNTSFIYSTDGITWSLPSGYCEGFGSENNIIEFNASLVNNIRNSGLRRSFETKDFGKTWTEFPPMDKKVDNRNHGVQGSTITIPSGNKLVAAHSSAQNKNNDYTRSDISLYAHNLYSGEVKLIDDFYPKVGNASGAGYSCLSYRKNVDKETLYVVYEANGSIEFQDLSRHLPVIKSYN	000000000000000000000000000000000000100000000000000000000001110000000000000000000000000000000000011000000000000000000000000001110000000000000000000000000000000000000000000000001000000000000000000000000000000000000000000000000001110000000000000000000000000000000000000000000000001100000000000000000000000000000000000000000000000000000000010000000000000000000000000000000000000000000	42.7985, 49.7875, 49.68712500000001	43.8407, 51.0375, 49.1782
1ivd	VEYRNWSKPQCQITGFAPFSKDNSIRLSAGGDIWVTREPYVSCDPVKCYQFALGQGTTLDNKHSNDTVHDRIPHRTLLMNELGVPFHLGTRQVCIAWSSSSCHDGKAWLHVCITGDDKNATASFIYDGRLVDSIGSWSQNILRTQESECVCINGTCTVVMTDGSASGRADTRILFIEEGKIVHISPLAGSAQHVEECSCYPRYPGVRCICRDNWKGSNRPVVDINMEDYSIDSSYVCSGLVGDTPRNDDRSSNSNCRDPNNERGTQGVKGWAFDNGNDLWMGRTISKDLRSGYETFKVIGGWSTPNSKSQINRQVIVDSDNRSGYSGIFSVEGKSCINRCFYVELIRGRKQETRVWWTSNSIVVFCGTSGTYGTGSWPDGANINFMPIXVEYRNWSKPQCQITGFAPFSKDNSIRLSAGGDIWVTREPYVSCDPVKCYQFALGQGTTLDNKHSNDTVHDRIPHRTLLMNELGVPFHLGTRQVCIAWSSSSCHDGKAWLHVCITGDDKNATASFIYDGRLVDSIGSWSQNILRTQESECVCINGTCTVVMTDGSASGRADTRILFIEEGKIVHISPLAGSAQHVEECSCYPRYPGVRCICRDNWKGSNRPVVDINMEDYSIDSSYVCSGLVGDTPRNDDRSSNSNCRDPNNERGTQGVKGWAFDNGNDLWMGRTISKDLRSGYETFKVIGGWSTPNSKSQINRQVIVDSDNRSGYSGIFSVEGKSCINRCFYVELIRGRKQETRVWWTSNSIVVFCGTSGTYGTGSWPDGANINFMPIX	00000000000000000000000000000000000001000000000000000000000000000000111000000000000000000000000011000000000000000000000000000000000000000000101111000000000000000000100000000000000000000000000000110000000000000000000000000000000000000000000000000000000000000000000000111000000000000000000000000000000000000000000000000000000000000000000000000000000000000000000000000000000000000000000000000	43.500823529411775, 20.72017647058824, -22.289647058823526	46.6035, 21.2145, -22.6101
1byb	SNMLLNYVPVYVMLPLGVVNVDNVFEDPDGLKEQLLQLRAAGVDGVMVDVWWGIIELKGPKQYDWRAYRSLFQLVQECGLTLQAIMSFHQCGGNVGDIVNIPIPQWVLDIGESNHDIFYTNRSGTRNKEYLTVGVDNEPIFHGRTAIEIYSDYMKSFRENMSDFLESGLIIDIEVGLGPAGELRYPSYPQSQGWEFPRIGEFQCYDKYLKADFKAAVARAGHPEWELPDDAGKYNDVPESTGFFKSNGTYVTEKGKFFLTWYSNKLLNHGDQILDEANKAFLGCKVKLAIKVSGIHWWYKVENHAAELTAGYYNLNDRDGYRPIARMLSRHHAILNFTCLEMRDSEQPSDAKSGPQELVQQVLSGGWREDIRVAGENALPRYDATAYNQIILNAKPQGVNNNGPPKLSMFGVTYLRLSDDLLQKSNFNIFKKFVLKMHADQDYCANPQKYNHAITPLKPSAPKIPIEVLLEATKPTLPFPWLPETDMKVDGXSNMLLNYVPVYVMLPLGVVNVDNVFEDPDGLKEQLLQLRAAGVDGVMVDVWWGIIELKGPKQYDWRAYRSLFQLVQECGLTLQAIMSFHQCGGNVGDIVNIPIPQWVLDIGESNHDIFYTNRSGTRNKEYLTVGVDNEPIFHGRTAIEIYSDYMKSFRENMSDFLESGLIIDIEVGLGPAGELRYPSYPQSQGWEFPRIGEFQCYDKYLKADFKAAVARAGHPEWELPDDAGKYNDVPESTGFFKSNGTYVTEKGKFFLTWYSNKLLNHGDQILDEANKAFLGCKVKLAIKVSGIHWWYKVENHAAELTAGYYNLNDRDGYRPIARMLSRHHAILNFTCLEMRDSEQPSDAKSGPQELVQQVLSGGWREDIRVAGENALPRYDATAYNQIILNAKPQGVNNNGPPKLSMFGVTYLRLSDDLLQKSNFNIFKKFVLKMHADQDYCANPQKYNHAITPLKPSAPKIPIEVLLEATKPTLPFPWLPETDMKVD	0000000000000000000000000000000000000000000000000000000000000000000000000000000000000000000001111000000000000000000000000000000000000000000000000000000000000000000000000000000000111100000000000000000000000000000000000000000000000000000000000000000000000000000000000000000000000000000000000001111000000000000000000000000000000000000000000110000000000000000000000000000000000001111000000000000000000000000000000000001000000000000000000000000000000000000000000000000000000000000000000000000000	1.4217894736842103, 32.79689473684211, 26.198000000000008	0.6455, 31.1671, 26.7824
1hyt	ITGTSTVGVGRGVLGDQKNINTTYSTYYYLQDNTRGDGIFTYDAKYRTTLPGSLWADADNQFFASYDAPAVDAHYYAGVTYDYYKNVHNRLSYDGNNAAIRSSVHYSQGYNNAFWNGSEMVYGDGDGQTFIPLSGGIDVVAHELTHAVTDYTAGLIYQNESGAINEAISDIFGTLVEFYANKNPDWEIGEDVYTPGISGDSLRSMSDPAKYGDPDHYSKRYTGTQDNGGVHINSGIINKAAYLISQGGTHYGVSVVGIGRDKLGKIFYRALTQYLTPTSNFSQLRAAAVQSATDLYGSTSQEVASVKQAFDAVGVKXXXXXITGTSTVGVGRGVLGDQKNINTTYSTYYYLQDNTRGDGIFTYDAKYRTTLPGSLWADADNQFFASYDAPAVDAHYYAGVTYDYYKNVHNRLSYDGNNAAIRSSVHYSQGYNNAFWNGSEMVYGDGDGQTFIPLSGGIDVVAHELTHAVTDYTAGLIYQNESGAINEAISDIFGTLVEFYANKNPDWEIGEDVYTPGISGDSLRSMSDPAKYGDPDHYSKRYTGTQDNGGVHINSGIINKAAYLISQGGTHYGVSVVGIGRDKLGKIFYRALTQYLTPTSNFSQLRAAAVQSATDLYGSTSQEVASVKQAFDAVGVKXXXX	00000000000000000000000000000000000000000000000000000000000000000000000000000000000000000000000000000000000000111110000001000000000010000111011000000000000000000000010011000000000000000001100000000000011000000000000000000000000000100000000000000000000000000000000000000000000000000000000000000000000000000000000000000000	36.19385, 44.4836, -1.6433499999999999	36.9726, 42.1897, -2.9289
3ptb	IVGGYTCGANTVPYQVSLNSGYHFCGGSLINSQWVVSAAHCYKSGIQVRLGEDNINVVEGNEQFISASKSIVHPSYNSNTLNNDIMLIKLKSAASLNSRVASISLPTSCASAGTQCLISGWGNTKSSGTSYPDVLKCLKAPILSDSSCKSAYPGQITSNMFCAGYLEGGKDSCQGDSGGPVVCSGKLQGIVSWGSGCAQKNKPGVYTKVCNYVSWIKQTIASNXIVGGYTCGANTVPYQVSLNSGYHFCGGSLINSQWVVSAAHCYKSGIQVRLGEDNINVVEGNEQFISASKSIVHPSYNSNTLNNDIMLIKLKSAASLNSRVASISLPTSCASAGTQCLISGWGNTKSSGTSYPDVLKCLKAPILSDSSCKSAYPGQITSNMFCAGYLEGGKDSCQGDSGGPVVCSGKLQGIVSWGSGCAQKNKPGVYTKVCNYVSWIKQTIASNX	11000000000000000000000000000000000000000000000000000000000000000000000000000000000000000000000000000000000000000000000001100000000000000000000000000000000000000000000000111111100000000000001111111100011111000000000000000000	-2.821458333333334, 12.843958333333333, 16.665499999999998	-1.7591, 14.4610, 16.9158
1mtw	IVGGYTCGANTVPYQVSLNSGYHFCGGSLINSQWVVSAAHCYKSGIQVRLGEDNINVVEGNEQFISASKSIVHPSYNSNTLNNDIMLIKLKSAASLNSRVASISLPTSCASAGTQCLISGWGNTKSSGTSYPDVLKCLKAPILSDSSCKSAYPGQITSNMFCAGYLEGGKDSCQGDSGGPVVCSGKLQGIVSWGSGCAQKNKPGVYTKVCNYVSWIKQTIASNXIVGGYTCGANTVPYQVSLNSGYHFCGGSLINSQWVVSAAHCYKSGIQVRLGEDNINVVEGNEQFISASKSIVHPSYNSNTLNNDIMLIKLKSAASLNSRVASISLPTSCASAGTQCLISGWGNTKSSGTSYPDVLKCLKAPILSDSSCKSAYPGQITSNMFCAGYLEGGKDSCQGDSGGPVVCSGKLQGIVSWGSGCAQKNKPGVYTKVCNYVSWIKQTIASNX	00000000000000000000000000000000000000000000000000000000000000000000000000000001100000000000000000000000000000000000000000000000000000000000000000000000000000000000000000001100100000000000000111111000000110000000000000000000	26.67130769230769, 13.84969230769231, 14.585692307692304	26.3077, 10.1183, 15.0608
1snc	LHKEPATLIKAIDGDTVKLMYKGQPMTFRLLLVDTPETKHPKKGVEKYGPEASAFTKKMVENAKKIEVEFDKGQRTDKYGRGLAYIYADGKMVNEALVRQGLAKVAYVYKPNNTHEQHLRKSEAQAKKEKLNIWSXLHKEPATLIKAIDGDTVKLMYKGQPMTFRLLLVDTPETKHPKKGVEKYGPEASAFTKKMVENAKKIEVEFDKGQRTDKYGRGLAYIYADGKMVNEALVRQGLAKVAYVYKPNNTHEQHLRKSEAQAKKEKLNIWSX	0000000000000000000000000000111111000000000000000000000000000000000000000000111010100000000000000000000001100000000000000000000000000001	4.397285714285714, 19.57257142857143, 21.412571428571425	4.3524, 15.4578, 24.0428
1hew	KVFGRCELAAAMKRHGLDNYRGYSLGNWVCAAKFESNFNTQATNRNTDGSTDYGILQINSRWWCNDGRTPGSRNLCNIPCSALLSSDITASVNCAKKIVSDGNGMNAWVAWRNRCKGTDVQAWIRGCRLKVFGRCELAAAMKRHGLDNYRGYSLGNWVCAAKFESNFNTQATNRNTDGSTDYGILQINSRWWCNDGRTPGSRNLCNIPCSALLSSDITASVNCAKKIVSDGNGMNAWVAWRNRCKGTDVQAWIRGCRL	000000000000000000000000000000000000000000000000000000000010111000000000000000000000000000000000011011110111000000000000000000000	0.021538461538461506, 24.72023076923077, 28.10376923076923	2.8613, 26.3436, 31.7715
3phv	PQITLWQRPLVTIKIGGQLKEALLDTGADDTVLEEMSLPGRWKPKMIGGIGGFIKVRQYDQILIEICGHKAIGTVLVGPTPVNIIGRNLLTQIGCTLNFPQITLWQRPLVTIKIGGQLKEALLDTGADDTVLEEMSLPGRWKPKMIGGIGGFIKVRQYDQILIEICGHKAIGTVLVGPTPVNIIGRNLLTQIGCTLNF	000000000000000000000000111110000000000000000001100000000000000000000000000000000001010000000000000	12.543222222222223, 27.64122222222222, 6.469888888888889	13.1685, 23.0160, 5.5341
1bya	SNMLLNYVPVYVMLPLGVVNVDNVFEDPDGLKEQLLQLRAAGVDGVMVDVWWGIIELKGPKQYDWRAYRSLFQLVQECGLTLQAIMSFHQCGGNVGDIVNIPIPQWVLDIGESNHDIFYTNRSGTRNKEYLTVGVDNEPIFHGRTAIEIYSDYMKSFRENMSDFLESGLIIDIEVGLGPAGELRYPSYPQSQGWEFPRIGEFQCYDKYLKADFKAAVARAGHPEWELPDDAGKYNDVPESTGFFKSNGTYVTEKGKFFLTWYSNKLLNHGDQILDEANKAFLGCKVKLAIKVSGIHWWYKVENHAAELTAGYYNLNDRDGYRPIARMLSRHHAILNFTCLEMRDSEQPSDAKSGPQELVQQVLSGGWREDIRVAGENALPRYDATAYNQIILNAKPQGVNNNGPPKLSMFGVTYLRLSDDLLQKSNFNIFKKFVLKMHADQDYCANPQKYNHAITPLKPSAPKIPIEVLLEATKPTLPFPWLPETDMKVDGXSNMLLNYVPVYVMLPLGVVNVDNVFEDPDGLKEQLLQLRAAGVDGVMVDVWWGIIELKGPKQYDWRAYRSLFQLVQECGLTLQAIMSFHQCGGNVGDIVNIPIPQWVLDIGESNHDIFYTNRSGTRNKEYLTVGVDNEPIFHGRTAIEIYSDYMKSFRENMSDFLESGLIIDIEVGLGPAGELRYPSYPQSQGWEFPRIGEFQCYDKYLKADFKAAVARAGHPEWELPDDAGKYNDVPESTGFFKSNGTYVTEKGKFFLTWYSNKLLNHGDQILDEANKAFLGCKVKLAIKVSGIHWWYKVENHAAELTAGYYNLNDRDGYRPIARMLSRHHAILNFTCLEMRDSEQPSDAKSGPQELVQQVLSGGWREDIRVAGENALPRYDATAYNQIILNAKPQGVNNNGPPKLSMFGVTYLRLSDDLLQKSNFNIFKKFVLKMHADQDYCANPQKYNHAITPLKPSAPKIPIEVLLEATKPTLPFPWLPETDMKVDG	00000000000000000000000000000000000000000000000000000000000000000000000000000000000000000000000000000000000000000000000000000000000000000000000000000000000000000000000000000000001111000000000000000000000000000000000000000000000000000000000000000000000000000000000000000000000000000000000000001110000000000000000000000000000000000000000001100000000000000000000000000000000000011110000000000000000000000000000000000010000000000000000000000000000000000000000000000000000000000000000000000000000	1.5625000000000002, 34.8875, 26.682785714285718	0.6455, 31.1671, 26.7824
1hfc	PRWEQTHLTYRIENYTPDLPRADVDHAIEKAFQLWSNVTPLTFTKVSEGQADIMISFVRGDHRDNSPFDGPGGNLAHAFQPGPGIGGDAHFDEDERWTNNFREYNLHRVAAHELGHSLGLSHSTDIGALMYPSYTFSGDVQLAQDDIDGIQAIYGRSXXXPRWEQTHLTYRIENYTPDLPRADVDHAIEKAFQLWSNVTPLTFTKVSEGQADIMISFVRGDHRDNSPFDGPGGNLAHAFQPGPGIGGDAHFDEDERWTNNFREYNLHRVAAHELGHSLGLSHSTDIGALMYPSYTFSGDVQLAQDDIDGIQAIYGRSX	00000000000000000000000000000000000000000000000000000000000000000000000111111000000000000000000000000000000010000000000000000000001111100000000000000000000001	24.46876923076923, 24.306769230769234, 23.462461538461532	25.2325, 22.3670, 24.3219
1pso	VDEQPLENYLDMEYFGTIGIGTPAQDFTVVFDTGSSNLWVPSVYCSSLACTNHNRFNPEDSSTYQSTSETVSITYGTGSMTGILGYDTVQVGGISDTNQIFGLSETEPGSFLYYAPFDGILGLAYPSISSSGATPVFDNIWNQGLVSQDLFSVYLSADDQSGSVVIFGGIDSSYYTGSLNWVPVTVEGYWQITVDSITMNGEAIACAEGCQAIVDTGTSLLTGPTSPIANIQSDIGASENSDGDMVVSCSAISSLPDIVFTINGVQYPVPPSAYILQSEGSCISGFQGMNLPTESGELWILGDVFIRQYFTVFDRANNQVGLAPVAVDEQPLENYLDMEYFGTIGIGTPAQDFTVVFDTGSSNLWVPSVYCSSLACTNHNRFNPEDSSTYQSTSETVSITYGTGSMTGILGYDTVQVGGISDTNQIFGLSETEPGSFLYYAPFDGILGLAYPSISSSGATPVFDNIWNQGLVSQDLFSVYLSADDQSGSVVIFGGIDSSYYTGSLNWVPVTVEGYWQITVDSITMNGEAIACAEGCQAIVDTGTSLLTGPTSPIANIQSDIGASENSDGDMVVSCSAISSLPDIVFTINGVQYPVPPSAYILQSEGSCISGFQGMNLPTESGELWILGDVFIRQYFTVFDRANNQVGLAPVA	00000000000000000000000000000001011000000000000000000000000000000000000001111110000000000000000000000000000000000000000000000000000000000000000000000000000000000000000000000000000000000000000000000000000000000000001011100000000000000000000000000000000000000000000000000000000000000000000000000000000100000000000000000000000000	8.950714285714286, 18.045714285714286, 10.245	7.3119, 17.1675, 10.0969
8rat	KETAAAKFERQHMDSSTSAASSSNYCNQMMKSRNLTKDRCKPVNTFVHESLADVQAVCSQKNVACKNGQTNCYQSYSTMSITDCRETGSSKYPNCAYKTTQANKHIIVACEGNPYVPVHFDASVKETAAAKFERQHMDSSTSAASSSNYCNQMMKSRNLTKDRCKPVNTFVHESLADVQAVCSQKNVACKNGQTNCYQSYSTMSITDCRETGSSKYPNCAYKTTQANKHIIVACEGNPYVPVHFDASV	0000000100110000000000000000000000000000111111000000000000000000000000000000000000000000000000000000000000010000000000111110	30.816466666666663, 15.792533333333335, 10.709866666666668	32.0949, 14.2880, 7.8884
1rob	KETAAAKFERQHMDSSTSAASSSNYCNQMMKSRNLTKDRCKPVNTFVHESLADVQAVCSQKNVACKNGQTNCYQSYSTMSITDCRETGSSKYPNCAYKTTQANKHIIVACEGNPYVPVHFDASVKETAAAKFERQHMDSSTSAASSSNYCNQMMKSRNLTKDRCKPVNTFVHESLADVQAVCSQKNVACKNGQTNCYQSYSTMSITDCRETGSSKYPNCAYKTTQANKHIIVACEGNPYVPVHFDASV	0000000100110000000000000000000000000000111110000000000000000000000000000000000000000000000000000000000000010000000000111110	30.9625, 15.781571428571429, 10.346571428571428	32.0949, 14.2880, 7.8884
6ins	FGVINVQEHQLCCCGTSSHILCVSELAYLQYLLEVNCYGCENRGFFYTPKXFGVINVQEHQLCCCGTSSHILCVSELAYLQYLLEVNCYGCENRGFFYTPKXFGVINVQEHQLCCCGTSSHILCVSELAYLQYLLEVNCYGCENRGFFYTPKFGVINVQEHQLCCCGTSSHILCVSELAYLQYLLEVNCYGCENRGFFYTPK	0000000000010000001111111111110111100000000000000000000000000000000000000000000000000000000000000000	-8.971529411764706, 6.589411764705883, 5.910000000000001	-8.6402, 3.3909, 6.7712
1gca	ADTRIGVTIYKYDDNFMSVVRKAIEKDGKSAPDVQLLMNDSQNDQSKQNDQIDVLLAKGVKALAINLVDPAAAGTVIEKARGQNVPVVFFNKEPSRKALDSYDKAYYVGTDSKESGVIQGDLIAKHWQANQGWDLNKDGKIQYVLLKGEPGHPDAEARTTYVVKELNDKGIQTEQLALDTAMWDTAQAKDKMDAWLSGPNANKIEVVIANNDAMAMGAVEALKAHNKSSIPVFGVDALPEALALVKSGAMAGTVLNDANNQAKATFDLAKNLAEGKGAADGTSWKIENKIVRVPYVGVDKDNLSEFTQKXADTRIGVTIYKYDDNFMSVVRKAIEKDGKSAPDVQLLMNDSQNDQSKQNDQIDVLLAKGVKALAINLVDPAAAGTVIEKARGQNVPVVFFNKEPSRKALDSYDKAYYVGTDSKESGVIQGDLIAKHWQANQGWDLNKDGKIQYVLLKGEPGHPDAEARTTYVVKELNDKGIQTEQLALDTAMWDTAQAKDKMDAWLSGPNANKIEVVIANNDAMAMGAVEALKAHNKSSIPVFGVDALPEALALVKSGAMAGTVLNDANNQAKATFDLAKNLAEGKGAADGTSWKIENKIVRVPYVGVDKDNLSEFTQKX	0000000000000111100000000000000000000000000000000000000000000000000000000000000000000000001100000000000000000000000000000000000000000000000000000001100111100000000000000000000000000111000000000000000000000000011110000000000000000000001100000000000000000001000000000000000000000000000000000000000000000000000000	81.4499090909091, 29.613590909090917, 88.03750000000001	83.2593, 28.4876, 86.5994
2ctc	ARSTNTFNYATYHTLDEIYDFMDLLVAEHPQLVSKLQIGRSYEGRPIYVLKFSTGGSNRPAIWIDLGIHSREWITQATGVWFAKKFTEDYGQDPSFTAILDSMDIFLEIVTNPDGFAFTHSQNRLWRKTRSVTSSSLCVGVDANRNWDAGFGKAGASSSPCSETYHGKYANSEVEVKSIVDFVKDHGNFKAFLSIHSYSQLLLYPYGYTTQSIPDKTELNQVAKSAVEALKSLYGTSYKYGSIITTIYQASGGSIDWSYNQGIKYSFTFELRDTGRYGFLLPASQIIPTAQETWLGVLTIMEHTLNNXARSTNTFNYATYHTLDEIYDFMDLLVAEHPQLVSKLQIGRSYEGRPIYVLKFSTGGSNRPAIWIDLGIHSREWITQATGVWFAKKFTEDYGQDPSFTAILDSMDIFLEIVTNPDGFAFTHSQNRLWRKTRSVTSSSLCVGVDANRNWDAGFGKAGASSSPCSETYHGKYANSEVEVKSIVDFVKDHGNFKAFLSIHSYSQLLLYPYGYTTQSIPDKTELNQVAKSAVEALKSLYGTSYKYGSIITTIYQASGGSIDWSYNQGIKYSFTFELRDTGRYGFLLPASQIIPTAQETWLGVLTIMEHTLNN	0000000000000000000000000000000000000000000000000000000000000000000010000000000000000000000000000000000000000000000000000000000000000000000000011000000000100000000000000000000000000000000000000111100000100010000000000000000000000000000000000011001111111111000000000001110000000000000000000000000000000000000	-2.2992399999999997, 29.695399999999996, -12.242320000000001	-1.9527, 29.7113, -10.3247
1cge	LTEGNPRWEQTHLRYRIENYTPDLPRADVDHAIEKAFQLWSNVTPLTFTKVSEGQADIMISFVRGDHRDNSPFDGPGGNLAHAFQPGPGIGGDAHFDEDERWTNNFREYNLHRVAAHELGHSLGLSHSTDIGALMYPSYTFSGDVQLAQDDIDGIQAIYGRSXXXXXLTEGNPRWEQTHLRYRIENYTPDLPRADVDHAIEKAFQLWSNVTPLTFTKVSEGQADIMISFVRGDHRDNSPFDGPGGNLAHAFQPGPGIGGDAHFDEDERWTNNFREYNLHRVAAHELGHSLGLSHSTDIGALMYPSYTFSGDVQLAQDDIDGIQAIYGRSXXX	000000000000000000000000000000000000000000000000000000000000000000000000000011111100000000000000000000000000000001000000000000000000000111110000000000000000000000100	24.554153846153845, 24.486076923076926, 23.32176923076923	25.2325, 22.3670, 24.3219
2ifb	AFDGTWKVDRNENYEKFMEKMGINVVKRKLGAHDNLKLTITQEGNKFTVKESSNFRNIDVVFELGVDFAYSLADGTELTGTWTMEGNKLVGKFKRVDNGKELIAVREISGNELIQTYTYEGVEAKRIFKKEAFDGTWKVDRNENYEKFMEKMGINVVKRKLGAHDNLKLTITQEGNKFTVKESSNFRNIDVVFELGVDFAYSLADGTELTGTWTMEGNKLVGKFKRVDNGKELIAVREISGNELIQTYTYEGVEAKRIFKKE	00000000000000000000000000000000000000000000000000100000000000000000011110011100000000000000100000000101000000000010100000000000000	23.660769230769233, 5.9281538461538466, 13.044076923076924	22.5121, 8.7504, 11.8252
1krn	DCYHGDGQSYRGTSSTTTTGKKCQSWSSMTPHRHQKTPENYPNAGLTMNYCRNPDADKGPWCFTTDPSVRWEYCNLKKCXDCYHGDGQSYRGTSSTTTTGKKCQSWSSMTPHRHQKTPENYPNAGLTMNYCRNPDADKGPWCFTTDPSVRWEYCNLKKC	00000000000000000000000000000000000000011100000000000000000111010001110000000111000000000	4.064307692307692, -1.521384615384616, 4.4213076923076935	2.7938, -1.8518, 0.4529
1pdz	XSITKVFARTIFDSRGNPTVEVDLYTSKGLFRAAVPSGASTGVHEALEMRDGDKSKYHGKSVFNAVKNVNDVIVPEIIKSGLKVTQQKECDEFMCKLDGTENKSSLGANAILGVSLAICKAGAAELGIPLYRHIANLANYDEVILPVPAFNVINGGSHAGNKLAMQEFMILPTGATSFTEAMRMGTEVYHHLKAVIKARFGLDATAVGDEGGFAPNILNNKDALDLIQEAIKKAGYTGKIEIGMDVAASEFYKQNNIYDLDFKTANNDGSQKISGDQLRDMYMEFCKDFPIVSIEDPFDQDDWETWSKMTSGTTIQIVGDDLTVTNPKRITTAVEKKACKCLLLKVNQIGSVTESIDAHLLAKKNGWGTMVSHRSGETEDCFIADLVVGLCTGQIKTGAPCRSERLAKYNQILRIEEELGSGAKFAGKNFRAPSXSITKVFARTIFDSRGNPTVEVDLYTSKGLFRAAVPSGASTGVHEALEMRDGDKSKYHGKSVFNAVKNVNDVIVPEIIKSGLKVTQQKECDEFMCKLDGTENKSSLGANAILGVSLAICKAGAAELGIPLYRHIANLANYDEVILPVPAFNVINGGSHAGNKLAMQEFMILPTGATSFTEAMRMGTEVYHHLKAVIKARFGLDATAVGDEGGFAPNILNNKDALDLIQEAIKKAGYTGKIEIGMDVAASEFYKQNNIYDLDFKTANNDGSQKISGDQLRDMYMEFCKDFPIVSIEDPFDQDDWETWSKMTSGTTIQIVGDDLTVTNPKRITTAVEKKACKCLLLKVNQIGSVTESIDAHLLAKKNGWGTMVSHRSGETEDCFIADLVVGLCTGQIKTGAPCRSERLAKYNQILRIEEELGSGAKFAGKNFRAPS	0000000000000000000000000000000000111100000000000000000000000000000000000000000000000000000000000000000000000000000000000000000000000000000000000000000000011000000000000000000000000000000000000000000000000001100000000000000000000000000000000000000000000000000000000000000000000000000000000000000000000000000000000000001100000000000000000000000100100000000000000000000000111111000000000000000000000000000000000000000000000000000000000	30.34494444444444, 67.58227777777778, 11.90161111111111	30.6753, 69.8887, 12.5534
1ifb	AFDGTWKVDRNENYEKFMEKMGINVVKRKLGAHDNLKLTITQEGNKFTVKESSNFRNIDVVFELGVDFAYSLADGTELTGTWTMEGNKLVGKFKRVDNGKELIAVREISGNELIQTYTYEGVEAKRIFKKEAFDGTWKVDRNENYEKFMEKMGINVVKRKLGAHDNLKLTITQEGNKFTVKESSNFRNIDVVFELGVDFAYSLADGTELTGTWTMEGNKLVGKFKRVDNGKELIAVREISGNELIQTYTYEGVEAKRIFKKE	00000000000000000000000000000000000000000000000000100000000000000000011111011100000000000000100000000101000000000010100000000000000	24.098785714285707, 6.341214285714286, 13.063428571428572	22.5121, 8.7504, 11.8252
1imb	WQECMDYAVTLARQAGEVVCEAIKNEMNVMLKSSPVDLVTATDQKVEKMLISSIKEKYPSHSFIGEESVAAGEKSILTDNPTWIIDPIDGTTNFVHRFPFVAVSIGFAVNKKIEFGVVYSCVEGKMYTARKGKGAFCNGQKLQVSQQEDITKSLLVTELGSSRTPETVRMVLSNMEKLFCIPVHGIRSVGTAAVNMCLVATGGADAYYEMGIHCWDVAGAGIIVTEAGGVLMDVTGGPFDLMSRRVIAANNRILAERIAKEIQVIPLQRDDEDXWQECMDYAVTLARQAGEVVCEAIKNEMNVMLKSSPVDLVTATDQKVEKMLISSIKEKYPSHSFIGEESVAAGEKSILTDNPTWIIDPIDGTTNFVHRFPFVAVSIGFAVNKKIEFGVVYSCVEGKMYTARKGKGAFCNGQKLQVSQQEDITKSLLVTELGSSRTPETVRMVLSNMEKLFCIPVHGIRSVGTAAVNMCLVATGGADAYYEMGIHCWDVAGAGIIVTEAGGVLMDVTGGPFDLMSRRVIAANNRILAERIAKEIQVIPLQRDDE	00000000000000000000000000000000000011000000000000000000000000000000000000000000000001011111100000000000000000000000000000000000000000000000000000000000000001111000000000000000000000000000011110000000000000000011101110000000000000000000000000000000000000000000000000000000	5.402391304347827, 53.29434782608695, 13.415999999999997	5.2698, 52.3241, 13.1724
1ahc	DVSFRLSGADPRSYGMFIKDLRNALPFREKVYNIPLLLPSVSGAGRYLLMHLFNYDGKTITVAVDVTNVYIMGYLADTTSYFFNEPAAELASQYVFRDARRKITLPYSGNYERLQIAAGKPREKIPIGLPALDSAISTLLHYDSTAAAGALLVLIQTTAEAARFKYIEQQIQERAYRDEVPSLATISLENSWSGLSKQIQLAQGNNGIFRTPIVLVDNKGNRVQITNVTSKVVTSNIQLLLNTRNIDVSFRLSGADPRSYGMFIKDLRNALPFREKVYNIPLLLPSVSGAGRYLLMHLFNYDGKTITVAVDVTNVYIMGYLADTTSYFFNEPAAELASQYVFRDARRKITLPYSGNYERLQIAAGKPREKIPIGLPALDSAISTLLHYDSTAAAGALLVLIQTTAEAARFKYIEQQIQERAYRDEVPSLATISLENSWSGLSKQIQLAQGNNGIFRTPIVLVDNKGNRVQITNVTSKVVTSNIQLLLNTRNI	000000000000000000000000000000000000000000000000000000000000000110011111000000000000000000000000000000000001111001000000000000000000000000000000000000110111011100000000000000000000000000001000000000000000000000000000000000000000000000000000000000	49.70166666666666, 99.59223809523809, -7.885761904761903	49.7723, 98.5214, -6.0449
1esa	VVGGTEAQRNSWPSQISLQYRSGSSWAHTCGGTLIRQNWVMTAAHCVDRELTFRVVVGEHNLNQNNGTEQYVGVQKIVVHPYWNTDDVAAGYDIALLRLAQSVTLNSYVQLGVLPRAGTILANNSPCYITGWGLTRTNGQLAQTLQQAYLPTVDYAICSSSSYWGSTVKNSMVCAGGDGVRSGCQGDSGGPLHCLVNGQYAVHGVTSFVSRLGCNVTRKPTVFTRVSAYISWINNVIASNXXXVVGGTEAQRNSWPSQISLQYRSGSSWAHTCGGTLIRQNWVMTAAHCVDRELTFRVVVGEHNLNQNNGTEQYVGVQKIVVHPYWNTDDVAAGYDIALLRLAQSVTLNSYVQLGVLPRAGTILANNSPCYITGWGLTRTNGQLAQTLQQAYLPTVDYAICSSSSYWGSTVKNSMVCAGGDGVRSGCQGDSGGPLHCLVNGQYAVHGVTSFVSRLGCNVTRKPTVFTRVSAYISWINNVIASNX	0000000000000000000000000001111000000000000011000000000000000000000000000000000000000000000000000000000000000000000000000000000000001100000000000000000000000000000000000000000000000011111110000000000000000111100000000000000000000000000000000	-7.183210526315789, 25.88968421052631, 37.41794736842106	-8.1809, 23.0037, 34.5497
2ctv	ADTIVAVELDTYPNTDIGDPSYPHIGIDIKSVRSKKTAKWNMQNGKVGTAHIIYNSVDKRLSAVVSYPNADSATVSYDVDLDNVLPEWVRVGLSASTGLYKETNTILSWSFTSKLKSNSTHETNALHFMFNQFSKDQKDLILQGDATTGTDGNLELTRVSSNGSPQGSSVGRALFYAPVHIWESSAVVASFEATFTFLIKSPDSHPADGIAFFISNIDSSIPSGSTGRLLGLFPDANXXADTIVAVELDTYPNTDIGDPSYPHIGIDIKSVRSKKTAKWNMQNGKVGTAHIIYNSVDKRLSAVVSYPNADSATVSYDVDLDNVLPEWVRVGLSASTGLYKETNTILSWSFTSKLKSNSTHETNALHFMFNQFSKDQKDLILQGDATTGTDGNLELTRVSSNGSPQGSSVGRALFYAPVHIWESSAVVASFEATFTFLIKSPDSHPADGIAFFISNIDSSIPSGSTGRLLGLFPDANX	0000000000011100000000000000000000000000000000000000000000000000000000000000000000000000000000011111100000000000000000000000000000000000000000000000000000000000000000110000000000000000000000000000000000000011000000000000000001111000000001	58.920944444444444, 100.156, 26.070222222222228	62.3787, 99.2608, 28.7759
3gch	CGVPAIQPVLSIVNGEEAVPGSWPWQVSLQDKTGFHFCGGSLINENWVVTAAHCGVTTSDVVVAGEFDQGSSSEKIQKLKIAKVFKNSKYNSLTINNDITLLKLSTAASFSQTVSAVCLPSASDDFAAGTTCVTTGWGLTRYTPDRLQQASLPLLSNTNCKKYWGTKIKDAMICAGASGVSSCMGDSGGPLVCKKNGAWTLVGIVSWGSSTCSTSTPGVYARVTALVNWVQQTLAANCGVPAIQPVLIVNGEEAVPGSWPWQVSLQDKTGFHFCGGSLINENWVVTAAHCGVTTSDVVVAGEFDQGSSSEKIQKLKIAKVFKNSKYNSLTINNDITLLKLSTAASFSQTVSAVCLPSASDDFAAGTTCVTTGWGLTRYTPDRLQQASLPLLSNTNCKKYWGTKIKDAMICAGASGVSSCMGDSGGPLVCKKNGAWTLVGIVSWGSSTCSTSTPGVYARVTALVNWVQQTLAAN	00000000001000000000000000000000000010000000000000011000000000000000000000000000000000000000000000000000000000000000000000000000000000001100000000000000000000000000000000000000000111111111000000000000000111111110000011100000000000000000	38.55284615384615, 78.9753846153846, 88.3231923076923	37.4531, 77.1492, 88.7124
1mrg	DVSFRLSGADPRSYGMFIKDLRNALPFREKVYNIPLLLPSVSGAGRYLLMHLFNRDGKTITVAVDVTNIYIMGYLADTTSYFFNEPAAELASQYVFRDARRKITLPYSGDYERLQIAAGKPREKIPIGLPALDSAISTLLHYDSTAAAGALLVLIQTTAEAARFKYIEQQIQERAYRDEVPSLATISLENSWSGLSKQIQLAQGNNGIFRTPIVLVDNKGNRVQITNVTSKVVTSNIQLLLNTRNIDVSFRLSGADPRSYGMFIKDLRNALPFREKVYNIPLLLPSVSGAGRYLLMHLFNRDGKTITVAVDVTNIYIMGYLADTTSYFFNEPAAELASQYVFRDARRKITLPYSGDYERLQIAAGKPREKIPIGLPALDSAISTLLHYDSTAAAGALLVLIQTTAEAARFKYIEQQIQERAYRDEVPSLATISLENSWSGLSKQIQLAQGNNGIFRTPIVLVDNKGNRVQITNVTSKVVTSNIQLLLNTRNI	000000000000000000000000000000000000000000000000000000000000000110011111000000000000000000000000000000000001111001000000000000000000000000000000000000110111011100000000000000000000000000001000000000000000000000000000000000000000000000000000000000	49.75899999999999, 99.5912380952381, -7.900190476190475	49.7723, 98.5214, -6.0449
1apu	AASGVATNTPTANDEEYITPVTIGGTTLNLNFDTGSADLWVFSTELPASQQSGHSVYNPSATGKELSGYTWSISYGDGSSASGNVFTDSVTVGGVTAHGQAVQAAQQISAQFQQDTNNDGLLGLAFSSINTVQPQSQTTFFDTVKSSLAQPLFAVALKHQQPGVYDFGFIDSSKYTGSLTYTGVDNSQGFWSFNVDSYTAGSQSGDGFSGIADTGTTLLLLDDSVVSQYYSQVSGAQQDSNAGGYVFDCSTNLPDFSVSISGYTATVPGSLINYGPSGDGSTCLGGIQSNSGIGFSIFGDIFLKSQYVVFDSDGPQLGFAPQAAASGVATNTPTANDEEYITPVTIGGTTLNLNFDTGSADLWVFSTELPASQQSGHSVYNPSATGKELSGYTWSISYGDGSSASGNVFTDSVTVGGVTAHGQAVQAAQQISAQFQQDTNNDGLLGLAFSSINTVQPQSQTTFFDTVKSSLAQPLFAVALKHQQPGVYDFGFIDSSKYTGSLTYTGVDNSQGFWSFNVDSYTAGSQSGDGFSGIADTGTTLLLLDDSVVSQYYSQVSGAQQDSNAGGYVFDCSTNLPDFSVSISGYTATVPGSLINYGPSGDGSTCLGGIQSNSGIGFSIFGDIFLKSQYVVFDSDGPQLGFAPQA	00000000000000110000000000000000101000000000000000000000000000000000000000111110000000000000000000000000000000000000000000000000000000000000000000000000000000000000000000000000000000000000000000000000000000000000111111000000000000000000000000000000000000000000000000000000000000000000000000000000101000000000000000000000000	20.325764705882353, 10.523058823529412, 19.63658823529412	20.3567, 8.3664, 20.6807
6rsa	KETAAAKFERQHMDSSTSAASSSNYCNQMMKSRNLTKDRCKPVNTFVHESLADVQAVCSQKNVACKNGQTNCYQSYSTMSITDCRETGSSKYPNCAYKTTQANKHIIVACEGNPYVPVHFDASVKETAAAKFERQHMDSSTSAASSSNYCNQMMKSRNLTKDRCKPVNTFVHESLADVQAVCSQKNVACKNGQTNCYQSYSTMSITDCRETGSSKYPNCAYKTTQANKHIIVACEGNPYVPVHFDASV	0000000100110000000000000000000000000000111110000000000000000000000000000000000000000000000000000000000000010000000000111100	30.13346153846154, 15.894230769230766, 10.082923076923075	31.9237, 14.4604, 7.8310
1rbp	ERDCRVSSFRVKENFDKARFSGTWYAMAKKDPEGLFLQDNIVAEFSVDETGQMSATAKGRVRLLNNWDVCADMVGTFTDTEDPAKFKMKYWGVASFLQKGNDDHWIVDTDYDTYAVQYSCRLLNLDGTCADSYSFVFSRDPNGLPPEAQKIVRQRQEELCLARQYRLIVHNGYCDERDCRVSSFRVKENFDKARFSGTWYAMAKKDPEGLFLQDNIVAEFSVDETGQMSATAKGRVRLLNNWDVCADMVGTFTDTEDPAKFKMKYWGVASFLQKGNDDHWIVDTDYDTYAVQYSCRLLNLDGTCADSYSFVFSRDPNGLPPEAQKIVRQRQEELCLARQYRLIVHNGYC	000000000000000000000000000000000001100010100000000000111110100000000011111000000000000111110000111101000000000000000000000000000000000000000000000000000000000000000000000000	34.08164, 17.66728, 47.01516000000001	32.2016, 19.5086, 48.5503
4phv	PQITLWQRPLVTIKIGGQLKEALLDTGADDTVLEEMNLPGRWKPKMIGGIGGFIKVRQYDQILIEICGHKAIGTVLVGPTPVNIIGRNLLTQIGCTLNFPQITLWQRPLVTIKIGGQLKEALLDTGADDTVLEEMNLPGRWKPKMIGGIGGFIKVRQYDQILIEICGHKAIGTVLVGPTPVNIIGRNLLTQIGCTLNFPQITLWQRPLVTIKIGGQLKEALLDTGADDTVLEEMNLPGRWKPKMIGGIGGFIKVRQYDQILIEICGHKAIGTVLVGPTPVNIIGRNLLTQIGCTLNFPQITLWQRPLVTIKIGGQLKEALLDTGADDTVLEEMNLPGRWKPKMIGGIGGFIKVRQYDQILIEICGHKAIGTVLVGPTPVNIIGRNLLTQIGCTLNF	000000000000000000000000111110000000000000000001111000000000000000000000000000000001010000000000000000000000000000000000000111110000000000000000001111000000000000000000000000000011001010000000000000	13.431624999999999, 23.481291666666664, 4.540458333333333	13.1685, 23.0160, 5.5341
1psn	VDEQPLENYLDMEYFGTIGIGTPAQDFTVVFDTGSSNLWVPSVYCSSLACTNHNRFNPEDSSTYQSTSETVSITYGTGSMTGILGYDTVQVGGISDTNQIFGLSETEPGSFLYYAPFDGILGLAYPSISSSGATPVFDNIWNQGLVSQDLFSVYLSADDQSGSVVIFGGIDSSYYTGSLNWVPVTVEGYWQITVDSITMNGEAIACAEGCQAIVDTGTSLLTGPTSPIANIQSDIGASENSDGDMVVSCSAISSLPDIVFTINGVQYPVPPSAYILQSEGSCISGFQGMNLPTESGELWILGDVFIRQYFTVFDRANNQVGLAPVAVDEQPLENYLDMEYFGTIGIGTPAQDFTVVFDTGSSNLWVPSVYCSSLACTNHNRFNPEDSSTYQSTSETVSITYGTGSMTGILGYDTVQVGGISDTNQIFGLSETEPGSFLYYAPFDGILGLAYPSISSSGATPVFDNIWNQGLVSQDLFSVYLSADDQSGSVVIFGGIDSSYYTGSLNWVPVTVEGYWQITVDSITMNGEAIACAEGCQAIVDTGTSLLTGPTSPIANIQSDIGASENSDGDMVVSCSAISSLPDIVFTINGVQYPVPPSAYILQSEGSCISGFQGMNLPTESGELWILGDVFIRQYFTVFDRANNQVGLAPVA	00000000000000000000000000000001111000000000000000000000000000000000000001111100000000000000000000000000000000000000000000000000000000000000000000000000000000000000000000000000000000000000000000000000000000000000001111100000000000000000000000000000000000000000000000000000000000000000000000000000000100000000000000000000000000	9.209933333333334, 19.2438, 10.505866666666668	7.3119, 17.1675, 10.0969
8adh	STAGKVIKCKAAVLWEEKKPFSIEEVEVAPPKAHEVRIKMVATGICRSDDHVVSGTLVTPLPVIAGHEAAGIVESIGEGVTTVRPGDKVIPLFTPQCGKCRVCKHPEGNFCLKNDLSMPRGTMQDGTSRFTCRGKPIHHFLGTSTFSQYTVVDEISVAKIDAASPLEKVCLIGCGFSTGYGSAVKVAKVTQGSTCAVFGLGGVGLSVIMGCKAAGAARIIGVDINKDKFAKAKEVGATECVNPQDYKKPIQEVLTEMSNGGVDFSFEVIGRLDTMVTALSCCQEAYGVSVIVGVPPDSQNLSMNPMLLLSGRTWKGAIFGGFKSKDSVPKLVADFMAKKFALDPLITHVLPFEKINEGFDLLRSGESIRTILTFXXSTAGKVIKCKAAVLWEEKKPFSIEEVEVAPPKAHEVRIKMVATGICRSDDHVVSGTLVTPLPVIAGHEAAGIVESIGEGVTTVRPGDKVIPLFTPQCGKCRVCKHPEGNFCLKNDLSMPRGTMQDGTSRFTCRGKPIHHFLGTSTFSQYTVVDEISVAKIDAASPLEKVCLIGCGFSTGYGSAVKVAKVTQGSTCAVFGLGGVGLSVIMGCKAAGAARIIGVDINKDKFAKAKEVGATECVNPQDYKKPIQEVLTEMSNGGVDFSFEVIGRLDTMVTALSCCQEAYGVSVIVGVPPDSQNLSMNPMLLLSGRTWKGAIFGGFKSKDSVPKLVADFMAKKFALDPLITHVLPFEKINEGFDLLRSGESIRTILTF	00000000000000000000000000000000000000000000011000000000000000000000000000000000000000000000000000000000000000000000000000000000000000000000000000000000000000000000000000000010000000000000000000000011111111000000000000000000000100000000000000000000000000000000000000001000000000000000000000000000000000000000000000000000000000000000000000000000111000000000000001001111110000	50.38856521739131, 17.513739130434782, 36.487913043478265	49.8560, 17.7125, 36.2300
5cna	ADTIVAVELDTYPNTDIGDPSYPHIGIDIKSVRSKKTAKWNMQNGKVGTAHIIYNSVDKRLSAVVSYPNADSATVSYDVDLDNVLPEWVRVGLSASTGLYKETNTILSWSFTSKLKSNSTHETNALHFMFNQFSKDQKDLILQGDATTGTDGNLELTRVSSNGSPQGSSVGRALFYAPVHIWESSAVVASFEATFTFLIKSPDSHPADGIAFFISNIDSSIPSGSTGRLLGLFPDANXXXADTIVAVELDTYPNTDIGDPSYPHIGIDIKSVRSKKTAKWNMQNGKVGTAHIIYNSVDKRLSAVVSYPNADSATVSYDVDLDNVLPEWVRVGLSASTGLYKETNTILSWSFTSKLKSNSTHETNALHFMFNQFSKDQKDLILQGDATTGTDGNLELTRVSSNGSPQGSSVGRALFYAPVHIWESSAVVASFEATFTFLIKSPDSHPADGIAFFISNIDSSIPSGSTGRLLGLFPDANX	0000000000011100000000000000000000000000000000000000000000000000000000000000000000000000000000011111100000000000000000000000000000000000000000000000000000000000000000110000000000000000000000000000000000000011000000000000000001111000000001	58.998388888888904, 100.18472222222222, 26.153444444444446	62.3787, 99.2608, 28.7759
1hxf	IVEGSDAEIGMSPWQVMLFRKSPQELLCGASLISDRWVLTAAHCLLYPPWDKNFTENDLLVRIGKHSRTRYERNIEKISMLEKIYIHPRYNWRENLDRDIALMKLKKPVAFSDYIHPVCLPDRETAASLLQAGYKGRVTGWGNLKEGQPSVLQVVNLPIVERPVCKDSTRIRITDNMFCAGYKPDEGKRGDACEGDSGGPFVMKSPFNNRWYQMGIVSWGEGCDRDGKYGFYTHVFRLKKWIQKVIDQDFEEIPGEYLDCGLRPLFEKKSLEDKTERELLESYIIVEGSDAEIGMSPWQVMLFRKSPQELLCGASLISDRWVLTAAHCLLYPPWDKNFTENDLLVRIGKHSRTRYERNIEKISMLEKIYIHPRYNWRENLDRDIALMKLKKPVAFSDYIHPVCLPDRETAASLLQAGYKGRVTGWGNLKEGQPSVLQVVNLPIVERPVCKDSTRIRITDNMFCAGYKPDEGKRGDACEGDSGGPFVMKSPFNNRWYQMGIVSWGEGCDRDGKYGFYTHVFRLKKWIQKVIDQDFEEIPGEYLDCGLRPLFEKKSLEDKTERELLESYI	00000000000000000000000000000000000000000010000000000000000000000000000000000000000000000000001100000000000000000000000000000000000000000000000000000000000000000000000000000000000000000000000011001000000000000000000011111110000001100000000000000000000000000000000000000000000000000000	34.26326666666667, 16.642933333333335, 25.32806666666666	32.2491, 13.4593, 24.9552
1dwd	IVEGSDAEIGMSPWQVMLFRKSPQELLCGASLISDRWVLTAAHCLLYPPWDKNFTENDLLVRIGKHSRTRYERNIEKISMLEKIYIHPRYNWRENLDRDIALMKLKKPVAFSDYIHPVCLPDRETAASLLQAGYKGRVTGWGNLKETWTANVGKGQPSVLQVVNLPIVERPVCKDSTRIRITDNMFCAGYKPDEGKRGDACEGDSGGPFVMKSPFNNRWYQMGIVSWGEGCDRDGKYGFYTHVFRLKKWIQKVIDQFGDFEEIPEEYLQEADCGLRPLFEKKSLEDKTERELLESYIDIVEGSDAEIGMSPWQVMLFRKSPQELLCGASLISDRWVLTAAHCLLYPPWDKNFTENDLLVRIGKHSRTRYERNIEKISMLEKIYIHPRYNWRENLDRDIALMKLKKPVAFSDYIHPVCLPDRETAASLLQAGYKGRVTGWGNLKETWTANVGKGQPSVLQVVNLPIVERPVCKDSTRIRITDNMFCAGYKPDEGKRGDACEGDSGGPFVMKSPFNNRWYQMGIVSWGEGCDRDGKYGFYTHVFRLKKWIQKVIDQFDFEEIPEEYLEADCGLRPLFEKKSLEDKTERELLESYID	00000000000000000000000000000000000000000010000000000000000000000000000000000000000000000000001100000000000000000000000000000000000000000000000000000000000000000000000000000000000000000000000000000000110010000000000000000000111111100000011000000000000000000000000000000000000000000000000000000000	34.32286666666666, 16.619666666666664, 25.39353333333333	32.2491, 13.4593, 24.9552
1npc	VTGTNKVGTGKGVLGDTKSLNTTLSGSSYYLQDNTRGATIFTYDAKNRSTLPGTLWADADNVFNAAYDAAAVDAHYYAGKTYDYYKATFNRNSINDAGAPLKSTVHYGSNYNNAFWNGSQMVYGDGDGVTFTSLSGGIDVIGHELTHAVTENSSNLIYQNESGALNEAISDIFGTLVEFYDNRNPDWEIGEDIYTPGKAGDALRSMSDPTKYGDPDHYSKRYTGSSDNGGVHTNSGIINKQAYLLANGGTHYGVTVTGIGKDKLGAIYYRANTQYFTQSTTFSQARAGAVQAAADLYGANSAEVAAVKQSFSAVGVNXXXXXVTGTNKVGTGKGVLGDTKSLNTTLSGSSYYLQDNTRGATIFTYDAKNRSTLPGTLWADADNVFNAAYDAAAVDAHYYAGKTYDYYKATFNRNSINDAGAPLKSTVHYGSNYNNAFWNGSQMVYGDGDGVTFTSLSGGIDVIGHELTHAVTENSSNLIYQNESGALNEAISDIFGTLVEFYDNRNPDWEIGEDIYTPGKAGDALRSMSDPTKYGDPDHYSKRYTGSSDNGGVHTNSGIINKQAYLLANGGTHYGVTVTGIGKDKLGAIYYRANTQYFTQSTTFSQARAGAVQAAADLYGANSAEVAAVKQSFSAVGVNXXXX	000000000000000000000000000000000000000000000000000000000000000000000000000000000000000000000000000000000000000011110000000000000000010000111111000000000000000000000010011000000000000000001100000000000011000000000000000000000000000100000000000000000000000000000000000000000000000000000000000000000000000000000000000000000	36.71547368421053, 45.285157894736834, -2.1696315789473677	36.9726, 42.1897, -2.9289
1chg	CGVPAIQPVLSGLSRIVNGEEAVPGSWPWQVSLQDKTGFHFCGGSLINENWVVTAAHCGVTTSDVVVAGESEKIQKLKIAKVFKNSKYNSLTINNDITLLKLSTAASFSQTVSAVCLPSASDDFAAGTTCVTTGWGLDRLQQASLPLLSNTNCKKYWGTKIKDAMICAGASGVSSCMGDSGGPLVCKKNGAWTLVGIVSWGSSTCSTSTPGVYARVTALVNWVQQTLAANCGVPAIQPVLSGLSRIVNGEEAVPGSWPWQVSLQDKTGFHFCGGSLINENWVVTAAHCGVTTSDVVVAGEKIQKLKIAKVFKNSKYNSLTINNDITLLKLSTAASFSQTVSAVCLPSASDDFAAGTTCVTTGWGRLQQASLPLLSNTNCKKYWGTKIKDAMICAGASGVSSCMGDSGGPLVCKKNGAWTLVGIVSWGSSTCSTSTPGVYARVTALVNWVQQTLAAN	0000000000000000000000000000000000000000010000000000000011000000000000000000000000000000000000000000000000000000000000000000000000000100000000000000000000000000000000000011111111000000000000000111111010000011100000000000000000	39.55036363636364, 79.12395454545457, 87.98745454545455	37.4531, 77.1492, 88.7124
1a6u	QVQLQQPGAELVKPGASVKLSCKASGYTFTSYWMHWVKQRPGRGLEWIGRIDPNSGGTKYNEKFKSKATLTVDKPSSTAYMQLSSLTSEDSAVYYCARYDYYGSSYFDYWGQGTTVTVSSAVVTQESALTTSPGETVTLTCRSSTGAVTTSNYANWVQEKPDHLFTGLIGGTNNRAPGVPARFSGSLIGNKAALTITGAQTEDEAIYFCALWYSNHWVFGGGTKLTVLQVQLQQPGAELVKPGASVKLSCKASGYTFTSYWMHWVKQRPGRGLEWIGRIDPNSGGTKYNEKFKSKATLTVDKPSSTAYMQLSSLTSEDSAVYYCARYDYYGSSYFDYWGQGTTVTVSSAVVTQESALTTSPGETVTLTCRSSTGAVTTSNYANWVQEKPDHLFTGLIGGTNNRAPGVPARFSGSLIGNKAALTITGAQTEDEAIYFCALWYSNHWVFGGGTKLTVL	000000000000000000000000000000001000000000000000010000000000000000000000000000000000000000000000001111001000000000000000000000000000000000000000000000011000000000000000000000000000000000000000000000000000000000011111100000000000	41.74446666666666, 13.589866666666664, 4.643200000000001	41.8494, 12.5829, 1.6909
1a6w	QVQLQQPGAELVKPGASVKLSCKASGYTFTSYWMHWVKQRPGRGLEWIGRIDPNSGGTKYNEKFKSKATLTVDKPSSTAYMQLSSLTSEDSAVYYCARYDYYGSSYFDYWGQGTTVTVSSAVVTQESALTTSPGETVTLTCRSSTGAVTTSNYANWVQEKPDHLFTGLIGGTNNRAPGVPARFSGSLIGNKAALTITGAQTEDEAIYFCALWYSNHWVFGGGTKLTVLEQVQLQQPGAELVKPGASVKLSCKASGYTFTSYWMHWVKQRPGRGLEWIGRIDPNSGGTKYNEKFKSKATLTVDKPSSTAYMQLSSLTSEDSAVYYCARYDYYGSSYFDYWGQGTTVTVSSAVVTQESALTTSPGETVTLTCRSSTGAVTTSNYANWVQEKPDHLFTGLIGGTNNRAPGVPARFSGSLIGNKAALTITGAQTEDEAIYFCALWYSNHWVFGGGTKLTVLE	000000000000000000000000000000001000000000000000010000000000000000000000000000000000000000000000001111001000000000000000000000000000000000000000000000111000000000000000000000000000000000000000000000000000000000000111111000000000000	42.236250000000005, 13.83475, 4.5701875	41.8494, 12.5829, 1.6909
2ypi	ARTFFVGGNFKLNGSKQSIKEIVERLNTASIPENVEVVICPPATYLDYSVSLVKKPQVTVGAQNAYLKASGAFTGENSVDQIKDVGAKWVILGHSERRSYFHEDDKFIADKTKFALGQGVGVILCIGETLEEKKAGKTLDVVERQLNAVLEEVKDWTNVVVAYEPVWAIGTGLAATPEDAQDIHASIRKFLASKLGDKAASELRILYGGSANGSNAVTFKDKADVDGFLVGGASLKPEFVDIINSRNARTFFVGGNFKLNGSKQSIKEIVERLNTASIPENVEVVICPPATYLDYSVSLVKKPQVTVGAQNAYLKASGAFTGENSVDQIKDVGAKWVILGHSERRSYFHEDDKFIADKTKFALGQGVGVILCIGETLEEKKAGKTLDVVERQLNAVLEEVKDWTNVVVAYEPVWAIGTGLAATPEDAQDIHASIRKFLASKLGDKAASELRILYGGSANGSNAVTFKDKADVDGFLVGGASLKPEFVDIINSRN	0000001111100000000000000000000000000000000000000000000000000000000000000000000000000000000001100000000000000000000000000000000000000000000000000000000000000000000111011111010000000000000000000000000000000011111100000000000000011111110000000000000	93.5378620689655, 42.61610344827586, 49.91372413793103	92.3188, 42.9088, 48.9044
3ptn	IVGGYTCGANTVPYQVSLNSGYHFCGGSLINSQWVVSAAHCYKSGIQVRLGEDNINVVEGNEQFISASKSIVHPSYNSNTLNNDIMLIKLKSAASLNSRVASISLPTSCASAGTQCLISGWGNTKSSGTSYPDVLKCLKAPILSDSSCKSAYPGQITSNMFCAGYLEGGKDSCQGDSGGPVVCSGKLQGIVSWGSGCAQKNKPGVYTKVCNYVSWIKQTIASNXIVGGYTCGANTVPYQVSLNSGYHFCGGSLINSQWVVSAAHCYKSGIQVRLGEDNINVVEGNEQFISASKSIVHPSYNSNTLNNDIMLIKLKSAASLNSRVASISLPTSCASAGTQCLISGWGNTKSSGTSYPDVLKCLKAPILSDSSCKSAYPGQITSNMFCAGYLEGGKDSCQGDSGGPVVCSGKLQGIVSWGSGCAQKNKPGVYTKVCNYVSWIKQTIASNX	11000000000000000000000000000000000000000000000000000000000000000000000000000000000000000000000000000000000000000000000001100000000000000000000000000000000000000000000000111111100000000000001111111100011111000000000000000000	-2.8370833333333336, 12.881958333333335, 16.702625	-1.7591, 14.4610, 16.9158
7cpa	ARSTNTFNYATYHTLDEIYDFMDLLVAQHPELVSKLQIGRSYEGRPIYVLKFSTGGSNRPAIWIDLGIHSREWITQATGVWFAKKFTENYGQNPSFTAILDSMDIFLEIVTNPNGFAFTHSENRLWRKTRSVTSSSLCVGVDANRNWDAGFGKAGASSSPCSETYHGKYANSEVEVKSIVDFVKNHGNFKAFLSIHSYSQLLLYPYGYTTQSIPDKTELNQVAKSAVAALKSLYGTSYKYGSIITTIYQASGGSIDWSYNQGIKYSFTFELRDTGRYGFLLPASQIIPTAQETWLGVLTIMEHTVNNXARSTNTFNYATYHTLDEIYDFMDLLVAQHPELVSKLQIGRSYEGRPIYVLKFSTGGSNRPAIWIDLGIHSREWITQATGVWFAKKFTENYGQNPSFTAILDSMDIFLEIVTNPNGFAFTHSENRLWRKTRSVTSSSLCVGVDANRNWDAGFGKAGASSSPCSETYHGKYANSEVEVKSIVDFVKNHGNFKAFLSIHSYSQLLLYPYGYTTQSIPDKTELNQVAKSAVAALKSLYGTSYKYGSIITTIYQASGGSIDWSYNQGIKYSFTFELRDTGRYGFLLPASQIIPTAQETWLGVLTIMEHTVNN	0000000000000000000000000000000000000000000000000000000000000000000010000000000000000000000000000000000000000000000000000000001000000000000000010000000000000000001100000000000000000000000000000001111000000000000000000000000000000000000000000000001111000000000000000000010000000000000000000000000000000000000	47.98764285714284, 19.336857142857138, 35.46214285714286	49.8560, 17.7125, 36.2300
7rat	KETAAAKFERQHMDSSTSAASSSNYCNQMMKSRNLTKDRCKPVNTFVHESLADVQAVCSQKNVACKNGQTNCYQSYSTMSITDCRETGSSKYPNCAYKTTQANKHIIVACEGNPYVPVHFDASVKETAAAKFERQHMDSSTSAASSSNYCNQMMKSRNLTKDRCKPVNTFVHESLADVQAVCSQKNVACKNGQTNCYQSYSTMSITDCRETGSSKYPNCAYKTTQANKHIIVACEGNPYVPVHFDASV	0000000100110000000000000000000000000000111110000000000000000000000000000000000000000000000000000000000000010000000000111100	30.13715384615385, 15.84792307692308, 10.04976923076923	31.9237, 14.4604, 7.8310
1ime	WQECMDYAVTLARQAGEVVCEAIKNEMNVMLKSSPVDLVTATDQKVEKMLISSIKEKYPSHSFIGEESVAAGEKSILTDNPTWIIDPIDGTTNFVHRFPFVAVSIGFAVNKKIEFGVVYSCVEGKMYTARKGKGAFCNGQKLQVSQQEDITKSLLVTELGSSRTPETVRMVLSNMEKLFCIPVHGIRSVGTAAVNMCLVATGGADAYYEMGIHCWDVAGAGIIVTEAGGVLMDVTGGPFDLMSRRVIAANNRILAERIAKEIQVIPLQRDDEDXWQECMDYAVTLARQAGEVVCEAIKNEMNVMLKSSPVDLVTATDQKVEKMLISSIKEKYPSHSFIGEESVAAGEKSILTDNPTWIIDPIDGTTNFVHRFPFVAVSIGFAVNKKIEFGVVYSCVEGKMYTARKGKGAFCNGQKLQVSQQEDITKSLLVTELGSSRTPETVRMVLSNMEKLFCIPVHGIRSVGTAAVNMCLVATGGADAYYEMGIHCWDVAGAGIIVTEAGGVLMDVTGGPFDLMSRRVIAANNRILAERIAKEIQVIPLQRDDEX	000000000000000000000000000000000000110000000000000000000000000000000000000000000000010111111000000000000000000000000000000000000000000000000000000000000000011110000000000000000000000000000111100000000000000000111011100000000000000000000000000000000000000000000000000000001	5.468583333333334, 53.447374999999994, 13.237000000000004	5.2698, 52.3241, 13.1724
1djb	KELNDLEKKYNAHIGVYALDTKSGKEVKFNSDKRFAYAATSKAINSAILLEQVPYNKLNKKVHINKDDIVAYSPILEKYVGKDITLKALIEASMTYSDNTANNKIIKEIGGIKKVKQRLKELGDKVTNPVRYEIELNYYSPKSKKDTSTPAAFGKTLNKLIANGKLSKENKKFLLDLMLNNKSGDTLIKDGVPKDYKVADKSGQAITYASRNDVAFVYPKGQSEPIVLVIFTNKDNKSDKPNDKLISETAKSVMKEFKELNDLEKKYNAHIGVYALDTKSGKEVKFNSDKRFAYAATSKAINSAILLEQVPYNKLNKKVHINKDDIVAYSPILEKYVGKDITLKALIEASMTYSDNTANNKIIKEIGGIKKVKQRLKELGDKVTNPVRYEIELNYYSPKSKKDTSTPAAFGKTLNKLIANGKLSKENKKFLLDLMLNNKSGDTLIKDGVPKDYKVADKSGQAITYASRNDVAFVYPKGQSEPIVLVIFTNKDNKSDKPNDKLISETAKSVMKEF	00000000000000000000000000000000000001100000000000000000000000000000001100000000000000000000000010100000000000000000000000000000000011111100000000000000000000000000000000000000000000000000000000000000001111100110000000000000000000000000000000000000000000000	3.9000526315789474, -12.050105263157894, -8.687368421052632	4.5028, -8.4936, -8.6327
1blh	KELNDLEKKYNAHIGVYALDTKSGKEVKFNSDKRFAYASTSKAINSAILLEQVPYNKLNKKVHINKDDIVAYSPILEKYVGKDITLKALIEASMTYSDNTANNKIIKEIGGIKKVKQRLKELGDKVTNPVRYEIELNYYSPKSKKDTSTPAAFGKTLNKLIANGKLSKENKKFLLDLMLNNKSGDTLIKDGVPKDYKVADKSGQAITYASRNDVAFVYPKGQSEPIVLVIFTNKDNKSDKPNDKLISETAKSVMKEFKELNDLEKKYNAHIGVYALDTKSGKEVKFNSDKRFAYASTSKAINSAILLEQVPYNKLNKKVHINKDDIVAYSPILEKYVGKDITLKALIEASMTYSDNTANNKIIKEIGGIKKVKQRLKELGDKVTNPVRYEIELNYYSPKSKKDTSTPAAFGKTLNKLIANGKLSKENKKFLLDLMLNNKSGDTLIKDGVPKDYKVADKSGQAITYASRNDVAFVYPKGQSEPIVLVIFTNKDNKSDKPNDKLISETAKSVMKEF	00000000000000000000000000000000000001100000000000000000000000000000001100000000000000000000000011100000000000000000000000000000000011111100000000000000000000000000000000000000000000000000000000000000001111100110000000000000000000000000000000000000000000000	3.4913500000000006, -11.76465, -8.971799999999998	4.5028, -8.4936, -8.6327
1gcg	ADTRIGVTIYKYDDNFMSVVRKAIEKDGKSAPDVQLLMNDSQNDQSKQNDQIDVLLAKGVKALAINLVDPAAAGTVIEKARGQNVPVVFFNKEPSRKALDSYDKAYYVGTDSKESGVIQGDLIAKHWQANQGWDLNKDGKIQYVLLKGEPGHPDAEARTTYVVKELNDKGIQTEQLALDTAMWDTAQAKDKMDAWLSGPNANKIEVVIANNDAMAMGAVEALKAHNKSSIPVFGVDALPEALALVKSGAMAGTVLNDANNQAKATFDLAKNLAEGKGAADGTSWKIENKIVRVPYVGVDKDNLSEFTQKXADTRIGVTIYKYDDNFMSVVRKAIEKDGKSAPDVQLLMNDSQNDQSKQNDQIDVLLAKGVKALAINLVDPAAAGTVIEKARGQNVPVVFFNKEPSRKALDSYDKAYYVGTDSKESGVIQGDLIAKHWQANQGWDLNKDGKIQYVLLKGEPGHPDAEARTTYVVKELNDKGIQTEQLALDTAMWDTAQAKDKMDAWLSGPNANKIEVVIANNDAMAMGAVEALKAHNKSSIPVFGVDALPEALALVKSGAMAGTVLNDANNQAKATFDLAKNLAEGKGAADGTSWKIENKIVRVPYVGVDKDNLSEFTQKX	0000000000000111110100000000000000000000000000000000000000000000000000000000000000000000001100000000000000000000000000000000000000000000000000000001100111100000000000000000000000000010000000000000000000000000011110000000000000000000001100000000000000000001010000000000000000000000000000000000000000000000000000	81.97704347826088, 28.34317391304348, 87.16060869565219	83.2593, 28.4876, 86.5994
1brq	ERDCRVSSFRVKENFDKARFSGTWYAMAKKDPEGLFLQDNIVAEFSVDETGQMSATAKGRVRLLNNWDVCADMVGTFTDTEDPAKFKMKYWGVASFLQKGNDDHWIVDTDYDTYAVQYSCRLLNLDGTCADSYSFVFSRDPNGLPPEAQKIVRQRQEELCLARQYRLIVHNGYCDERDCRVSSFRVKENFDKARFSGTWYAMAKKDPEGLFLQDNIVAEFSVDETGQMSATAKGRVRLLNNWDVCADMVGTFTDTEDPAKFKMKYWGVASFLQKGNDDHWIVDTDYDTYAVQYSCRLLNLDGTCADSYSFVFSRDPNGLPPEAQKIVRQRQEELCLARQYRLIVHNGYC	000000000000000000000000000000000011100010100000000000011110100000000011111000000000000011110000111101000000000000000000000000000000000000000000000000000000000000000000000000	34.61966666666666, 18.097791666666666, 47.83583333333333	32.2016, 19.5086, 48.5503
3app	AASGVATNTPTANDEEYITPVTIGGTTLNLNFDTGSADLWVFSTELPASQQSGHSVYNPSATGKELSGYTWSISYGDGSSASGNVFTDSVTVGGVTAHGQAVQAAQQISAQFQQDTNNDGLLGLAFSSINTVQPQSQTTFFDTVKSSLAQPLFAVALKHQQPGVYDFGFIDSSKYTGSLTYTGVDNSQGFWSFNVDSYTAGSQSGDGFSGIADTGTTLLLLDDSVVSQYYSQVSGAQQDSNAGGYVFDCSTNLPDFSVSISGYTATVPGSLINYGPSGDGSTCLGGIQSNSGIGFSIFGDIFLKSQYVVFDSDGPQLGFAPQAAASGVATNTPTANDEEYITPVTIGGTTLNLNFDTGSADLWVFSTELPASQQSGHSVYNPSATGKELSGYTWSISYGDGSSASGNVFTDSVTVGGVTAHGQAVQAAQQISAQFQQDTNNDGLLGLAFSSINTVQPQSQTTFFDTVKSSLAQPLFAVALKHQQPGVYDFGFIDSSKYTGSLTYTGVDNSQGFWSFNVDSYTAGSQSGDGFSGIADTGTTLLLLDDSVVSQYYSQVSGAQQDSNAGGYVFDCSTNLPDFSVSISGYTATVPGSLINYGPSGDGSTCLGGIQSNSGIGFSIFGDIFLKSQYVVFDSDGPQLGFAPQA	00000000000000110000000000000000101000000000000000000000000000000000000000111000000000000000000000000000000000000000000000000000000000000000000000000000000000000000000000000000000000000000000000000000000000000000111111000000000000000000000000000000000000000000000000000000000000000000000000000000001000000000000000000000000	19.831357142857147, 10.859285714285715, 19.06142857142857	20.3567, 8.3664, 20.6807
1pdy	XSITKVFARTIFDSRGNPTVEVDLYTSKGLFRAAVPSGASTGVHEALEMRDGDKSKYHGKSVFNAVKNVNDVIVPEIIKSGLKVTQQKECDEFMCKLDGTENKSSLGANAILGVSLAICKAGAAELGIPLYRHIANLANYDEVILPVPAFNVINGGSHAGNKLAMQEFMILPTGATSFTEAMRMGTEVYHHLKAVIKARFGLDATAVGDEGGFAPNILNNKDALDLIQEAIKKAGYTGKIEIGMDVAASEFYKQNNIYDLDFKTANNDGSQKISGDQLRDMYMEFCKDFPIVSIEDPFDQDDWETWSKMTSGTTIQIVGDDLTVTNPKRITTAVEKKACKCLLLKVNQIGSVTESIDAHLLAKKNGWGTMVSHRSGETEDCFIADLVVGLCTGQIKTGAPCRSERLAKYNQILRIEEELGSGAKFAGKNFRAPSXSITKVFARTIFDSRGNPTVEVDLYTSKGLFRAAVPSGASTGVHEALEMRDGDKSKYHGKSVFNAVKNVNDVIVPEIIKSGLKVTQQKECDEFMCKLDGTENKSSLGANAILGVSLAICKAGAAELGIPLYRHIANLANYDEVILPVPAFNVINGGSHAGNKLAMQEFMILPTGATSFTEAMRMGTEVYHHLKAVIKARFGLDATAVGDEGGFAPNILNNKDALDLIQEAIKKAGYTGKIEIGMDVAASEFYKQNNIYDLDFKTANNDGSQKISGDQLRDMYMEFCKDFPIVSIEDPFDQDDWETWSKMTSGTTIQIVGDDLTVTNPKRITTAVEKKACKCLLLKVNQIGSVTESIDAHLLAKKNGWGTMVSHRSGETEDCFIADLVVGLCTGQIKTGAPCRSERLAKYNQILRIEEELGSGAKFAGKNFRAPS	0000000000000000000000000000000000111100000000000000000000000000000000000000000000000000000000000000000000000000000000000000000000000000000000000000000000001000000000000000000000000000000000000000000000000001100000000000000000000000000000000000000000000000000000000000000000000000000000000000000000000000000000000000001100000000000000000000000100100000000000000000000000111111000000000000000000000000000000000000000000000000000000000	30.133, 67.13758823529413, 12.079941176470589	30.6753, 69.8887, 12.5534
2pk4	QDCYHGDGQSYRGTSSTTTTGKKCQSWSSMTPHRHQKTPENYPNAGLTMNYCRNPDADKGPWCFTTDPSVRWEYCNLKKCQDCYHGDGQSYRGTSSTTTTGKKCQSWSSMTPHRHQKTPENYPNAGLTMNYCRNPDADKGPWCFTTDPSVRWEYCNLKKC	00000000000000000000000000000000001110000000000000000111010001110000001110000000	4.0666153846153845, -1.5491538461538459, 4.421769230769231	2.7938, -1.8518, 0.4529
2tga	IVGGYTCGANTVPYQVSLNSGYHFCGGSLINSQWVVSAAHCYKSGIQVRLGEDNINVVEGNEQFISASKSIVHPSYNSNTLNNDIMLIKLKSAASLNSRVASISLPTSCASAGTQCLISGWGNTKSSGTSYPDVLKCLKAPILSDSSCKSAYPGQITSNMFCAGYLEGGKDSCQGDSGGPVVCSGKLQGIVSWGSGCAQKNKPGVYTKVCNYVSWIKQTIASNXIVGGYTCGANTVPYQVSLNSGYHFCGGSLINSQWVVSAAHCYKSGIQVRLGEDNINVVEGNEQFISASKSIVHPSYNSNTLNNDIMLIKLKSAASLNSRVASISLPTSCASAGTQCLISGWGNTKSSGTSYPDVLKCLKAPILSDSSCKSAYPGQITSNMFCAGYLEGGKDSCQGDSGGPVVCSGKLQGIVSWGSGCAQKNKPGVYTKVCNYVSWIKQTIASNX	00000000000000000000000000000000000000000000000000000000000000000000000000000001100000000000000000000000000000000000000000000000000000000000000000000000000000000000000000001100100000000000001111111000000110000000000000000000	26.377285714285712, 14.140785714285716, 14.802142857142856	26.3077, 10.1183, 15.0608
1hel	KVFGRCELAAAMKRHGLDNYRGYSLGNWVCAAKFESNFNTQATNRNTDGSTDYGILQINSRWWCNDGRTPGSRNLCNIPCSALLSSDITASVNCAKKIVSDGNGMNAWVAWRNRCKGTDVQAWIRGCRLKVFGRCELAAAMKRHGLDNYRGYSLGNWVCAAKFESNFNTQATNRNTDGSTDYGILQINSRWWCNDGRTPGSRNLCNIPCSALLSSDITASVNCAKKIVSDGNGMNAWVAWRNRCKGTDVQAWIRGCRL	000000000000000000000000000000000000000000000000000000000010111000000000000000000000000000000000011011110111000000000000000000000	0.020076923076923273, 24.770153846153843, 28.16123076923077	2.8613, 26.3436, 31.7715
1inc	VVGGTEAQRNSWPSQISLQYRSGSSWAHTCGGTLIRQNWVMTAAHCVDRELTFRVVVGEHNLNQNNGTEQYVGVQKIVVHPYWNTDDVAAGYDIALLRLAQSVTLNSYVQLGVLPRAGTILANNSPCYITGWGLTRTNGQLAQTLQQAYLPTVDYAICSSSSYWGSTVKNSMVCAGGDGVRSGCQGDSGGPLHCLVNGQYAVHGVTSFVSRLGCNVTRKPTVFTRVSAYISWINNVIASNXXVVGGTEAQRNSWPSQISLQYRSGSSWAHTCGGTLIRQNWVMTAAHCVDRELTFRVVVGEHNLNQNNGTEQYVGVQKIVVHPYWNTDDVAAGYDIALLRLAQSVTLNSYVQLGVLPRAGTILANNSPCYITGWGLTRTNGQLAQTLQQAYLPTVDYAICSSSSYWGSTVKNSMVCAGGDGVRSGCQGDSGGPLHCLVNGQYAVHGVTSFVSRLGCNVTRKPTVFTRVSAYISWINNVIASNX	0000000000000000000000000000111000000000000011000000000000000000000000000000000000000000000000000000000000000000000000000000000000001100000000000000000000000000000000000000000000000011111110000000000000000111100000000000000000000000000000000	-7.614333333333333, 25.832666666666665, 37.751999999999995	-8.1809, 23.0037, 34.5497
2ctb	ARSTNTFNYATYHTLDEIYDFMDLLVAEHPQLVSKLQIGRSYEGRPIYVLKFSTGGSNRPAIWIDLGIHSREWITQATGVWFAKKFTEDYGQDPSFTAILDSMDIFLEIVTNPDGFAFTHSQNRLWRKTRSVTSSSLCVGVDANRNWDAGFGKAGASSSPCSETYHGKYANSEVEVKSIVDFVKDHGNFKAFLSIHSYSQLLLYPYGYTTQSIPDKTELNQVAKSAVEALKSLYGTSYKYGSIITTIYQASGGSIDWSYNQGIKYSFTFELRDTGRYGFLLPASQIIPTAQETWLGVLTIMEHTLNNXARSTNTFNYATYHTLDEIYDFMDLLVAEHPQLVSKLQIGRSYEGRPIYVLKFSTGGSNRPAIWIDLGIHSREWITQATGVWFAKKFTEDYGQDPSFTAILDSMDIFLEIVTNPDGFAFTHSQNRLWRKTRSVTSSSLCVGVDANRNWDAGFGKAGASSSPCSETYHGKYANSEVEVKSIVDFVKDHGNFKAFLSIHSYSQLLLYPYGYTTQSIPDKTELNQVAKSAVEALKSLYGTSYKYGSIITTIYQASGGSIDWSYNQGIKYSFTFELRDTGRYGFLLPASQIIPTAQETWLGVLTIMEHTLNN	0000000000000000000000000000000000000000000000000000000000000000000010000000000000000000000000000000000000000000000000000000000000000000000001111000000000100000000000000000000000000000000000000111100000100010000000000000000000000000000000000011001111111111000000000001110000000000000000000000000000000000000	-1.7601851851851853, 29.323592592592586, -12.004814814814814	-1.9527, 29.7113, -10.3247
1stn	KLHKEPATLIKAIDGDTVKLMYKGQPMTFRLLLVDTPETKHPKKGVEKYGPEASAFTKKMVENAKKIEVEFDKGQRTDKYGRGLAYIYADGKMVNEALVRQGLAKVAYVYKPNNTHEQHLRKSEAQAKKEKLNIWSKLHKEPATLIKAIDGDTVKLMYKGQPMTFRLLLVDTPETKHPKKGVEKYGPEASAFTKKMVENAKKIEVEFDKGQRTDKYGRGLAYIYADGKMVNEALVRQGLAKVAYVYKPNNTHEQHLRKSEAQAKKEKLNIWS	0000000000000000000000000000011111100000000000000000000000000000000000000000011101010000000000000000000000110000000000000000000000000000	4.087153846153846, 19.867000000000004, 21.706461538461536	4.3524, 15.4578, 24.0428
1ypi	ARTFFVGGNFKLNGSKQSIKEIVERLNTASIPENVEVVICPPATYLDYSVSLVKKPQVTVGAQNAYLKASGAFTGENSVDQIKDVGAKWVILGHSERRSYFHEDDKFIADKTKFALGQGVGVILCIGETLEEKKAGKTLDVVERQLNAVLEEVKDWTNVVVAYEPVWAIGTGLAATPEDAQDIHASIRKFLASKLGDKAASELRILYGGSANGSNAVTFKDKADVDGFLVGGASLKPEFVDIINSRNARTFFVGGNFKLNGSKQSIKEIVERLNTASIPENVEVVICPPATYLDYSVSLVKKPQVTVGAQNAYLKASGAFTGENSVDQIKDVGAKWVILGHSERRSYFHEDDKFIADKTKFALGQGVGVILCIGETLEEKKAGKTLDVVERQLNAVLEEVKDWTNVVVAYEPVWAIGTGLAATPEDAQDIHASIRKFLASKLGDKAASELRILYGGSANGSNAVTFKDKADVDGFLVGGASLKPEFVDIINSRN	0000000111100000000000000000000000000000000000000000000000000000000000000000000000000000000001100000000000000000000000000000000000000000000000000000000000000000000111001000000000000000000000000000000000000011111100000000000000011111110000000000000	93.01904347826087, 41.995347826086956, 50.58647826086957	92.3188, 42.9088, 48.9044
3mth	GIVEQCCTSICSLYQLENYCNVNQHLCGSHLVEALYLVCGERGFFYTPKXXGIVEQCCTSICSLYQLENYCNFVNQHLCGSHLVEALYLVCGERGFFYTPKAXXGIVEQCCTSICSLYQLENYCNVNQHLCGSHLVEALYLVCGERGFFYTPKGIVEQCCTSICSLYQLENYCNFVNQHLCGSHLVEALYLVCGERGFFYTPKA	0000011011111001000000000011111111100000000000000000000000000000000000000000000000000000000000000000	-8.10794117647059, 6.9, 7.232176470588235	-8.6402, 3.3909, 6.7712
